<?xml version="1.0" encoding="UTF-8"?>
<spirit:component xmlns:xilinx="http://www.xilinx.com" xmlns:spirit="http://www.spiritconsortium.org/XMLSchema/SPIRIT/1685-2009" xmlns:xsi="http://www.w3.org/2001/XMLSchema-instance">
  <spirit:vendor>xilinx.com</spirit:vendor>
  <spirit:library>hls</spirit:library>
  <spirit:name>tri_intersect</spirit:name>
  <spirit:version>1.0</spirit:version>
  <spirit:busInterfaces>
    <spirit:busInterface>
      <spirit:name>ap_clk</spirit:name>
      <spirit:busType spirit:vendor="xilinx.com" spirit:library="signal" spirit:name="clock" spirit:version="1.0"/>
      <spirit:abstractionType spirit:vendor="xilinx.com" spirit:library="signal" spirit:name="clock_rtl" spirit:version="1.0"/>
      <spirit:slave/>
      <spirit:portMaps>
        <spirit:portMap>
          <spirit:logicalPort>
            <spirit:name>CLK</spirit:name>
          </spirit:logicalPort>
          <spirit:physicalPort>
            <spirit:name>ap_clk</spirit:name>
          </spirit:physicalPort>
        </spirit:portMap>
      </spirit:portMaps>
      <spirit:parameters>
        <spirit:parameter>
          <spirit:name>ASSOCIATED_BUSIF</spirit:name>
          <spirit:value spirit:resolve="immediate" spirit:id="BUSIFPARAM_VALUE.AP_CLK.ASSOCIATED_BUSIF">ins:outs</spirit:value>
        </spirit:parameter>
        <spirit:parameter>
          <spirit:name>ASSOCIATED_RESET</spirit:name>
          <spirit:value spirit:resolve="immediate" spirit:id="BUSIFPARAM_VALUE.AP_CLK.ASSOCIATED_RESET">ap_rst_n</spirit:value>
        </spirit:parameter>
        <spirit:parameter>
          <spirit:name>LAYERED_METADATA</spirit:name>
          <spirit:value spirit:resolve="generated" spirit:id="BUSIFPARAM_VALUE.AP_CLK.LAYERED_METADATA">xilinx.com:interface:datatypes:1.0 {CLK {datatype {name {attribs {resolve_type immediate dependency {} format string minimum {} maximum {}} value {}} bitwidth {attribs {resolve_type immediate dependency {} format long minimum {} maximum {}} value 1} bitoffset {attribs {resolve_type immediate dependency {} format long minimum {} maximum {}} value 0}}}}</spirit:value>
        </spirit:parameter>
      </spirit:parameters>
    </spirit:busInterface>
    <spirit:busInterface>
      <spirit:name>ap_rst_n</spirit:name>
      <spirit:busType spirit:vendor="xilinx.com" spirit:library="signal" spirit:name="reset" spirit:version="1.0"/>
      <spirit:abstractionType spirit:vendor="xilinx.com" spirit:library="signal" spirit:name="reset_rtl" spirit:version="1.0"/>
      <spirit:slave/>
      <spirit:portMaps>
        <spirit:portMap>
          <spirit:logicalPort>
            <spirit:name>RST</spirit:name>
          </spirit:logicalPort>
          <spirit:physicalPort>
            <spirit:name>ap_rst_n</spirit:name>
          </spirit:physicalPort>
        </spirit:portMap>
      </spirit:portMaps>
      <spirit:parameters>
        <spirit:parameter>
          <spirit:name>POLARITY</spirit:name>
          <spirit:value spirit:resolve="immediate" spirit:id="BUSIFPARAM_VALUE.AP_RST_N.POLARITY">ACTIVE_LOW</spirit:value>
        </spirit:parameter>
        <spirit:parameter>
          <spirit:name>LAYERED_METADATA</spirit:name>
          <spirit:value spirit:resolve="generated" spirit:id="BUSIFPARAM_VALUE.AP_RST_N.LAYERED_METADATA">xilinx.com:interface:datatypes:1.0 {RST {datatype {name {attribs {resolve_type immediate dependency {} format string minimum {} maximum {}} value {}} bitwidth {attribs {resolve_type immediate dependency {} format long minimum {} maximum {}} value 1} bitoffset {attribs {resolve_type immediate dependency {} format long minimum {} maximum {}} value 0}}}}</spirit:value>
        </spirit:parameter>
      </spirit:parameters>
    </spirit:busInterface>
    <spirit:busInterface>
      <spirit:name>ins</spirit:name>
      <spirit:busType spirit:vendor="xilinx.com" spirit:library="interface" spirit:name="axis" spirit:version="1.0"/>
      <spirit:abstractionType spirit:vendor="xilinx.com" spirit:library="interface" spirit:name="axis_rtl" spirit:version="1.0"/>
      <spirit:slave/>
      <spirit:portMaps>
        <spirit:portMap>
          <spirit:logicalPort>
            <spirit:name>TVALID</spirit:name>
          </spirit:logicalPort>
          <spirit:physicalPort>
            <spirit:name>ins_TVALID</spirit:name>
          </spirit:physicalPort>
        </spirit:portMap>
        <spirit:portMap>
          <spirit:logicalPort>
            <spirit:name>TREADY</spirit:name>
          </spirit:logicalPort>
          <spirit:physicalPort>
            <spirit:name>ins_TREADY</spirit:name>
          </spirit:physicalPort>
        </spirit:portMap>
        <spirit:portMap>
          <spirit:logicalPort>
            <spirit:name>TDATA</spirit:name>
          </spirit:logicalPort>
          <spirit:physicalPort>
            <spirit:name>ins_TDATA</spirit:name>
          </spirit:physicalPort>
        </spirit:portMap>
        <spirit:portMap>
          <spirit:logicalPort>
            <spirit:name>TDEST</spirit:name>
          </spirit:logicalPort>
          <spirit:physicalPort>
            <spirit:name>ins_TDEST</spirit:name>
          </spirit:physicalPort>
        </spirit:portMap>
        <spirit:portMap>
          <spirit:logicalPort>
            <spirit:name>TKEEP</spirit:name>
          </spirit:logicalPort>
          <spirit:physicalPort>
            <spirit:name>ins_TKEEP</spirit:name>
          </spirit:physicalPort>
        </spirit:portMap>
        <spirit:portMap>
          <spirit:logicalPort>
            <spirit:name>TSTRB</spirit:name>
          </spirit:logicalPort>
          <spirit:physicalPort>
            <spirit:name>ins_TSTRB</spirit:name>
          </spirit:physicalPort>
        </spirit:portMap>
        <spirit:portMap>
          <spirit:logicalPort>
            <spirit:name>TUSER</spirit:name>
          </spirit:logicalPort>
          <spirit:physicalPort>
            <spirit:name>ins_TUSER</spirit:name>
          </spirit:physicalPort>
        </spirit:portMap>
        <spirit:portMap>
          <spirit:logicalPort>
            <spirit:name>TLAST</spirit:name>
          </spirit:logicalPort>
          <spirit:physicalPort>
            <spirit:name>ins_TLAST</spirit:name>
          </spirit:physicalPort>
        </spirit:portMap>
        <spirit:portMap>
          <spirit:logicalPort>
            <spirit:name>TID</spirit:name>
          </spirit:logicalPort>
          <spirit:physicalPort>
            <spirit:name>ins_TID</spirit:name>
          </spirit:physicalPort>
        </spirit:portMap>
      </spirit:portMaps>
      <spirit:endianness>little</spirit:endianness>
      <spirit:parameters>
        <spirit:parameter>
          <spirit:name>SIGNAL_SET</spirit:name>
          <spirit:value spirit:resolve="immediate" spirit:id="BUSIFPARAM_VALUE.INS.SIGNAL_SET">11111111</spirit:value>
        </spirit:parameter>
        <spirit:parameter>
          <spirit:name>TDATA_NUM_BYTES</spirit:name>
          <spirit:value spirit:resolve="immediate" spirit:id="BUSIFPARAM_VALUE.INS.TDATA_NUM_BYTES">4</spirit:value>
        </spirit:parameter>
        <spirit:parameter>
          <spirit:name>TDEST_WIDTH</spirit:name>
          <spirit:value spirit:resolve="immediate" spirit:id="BUSIFPARAM_VALUE.INS.TDEST_WIDTH">1</spirit:value>
        </spirit:parameter>
        <spirit:parameter>
          <spirit:name>TID_WIDTH</spirit:name>
          <spirit:value spirit:resolve="immediate" spirit:id="BUSIFPARAM_VALUE.INS.TID_WIDTH">1</spirit:value>
        </spirit:parameter>
        <spirit:parameter>
          <spirit:name>TUSER_WIDTH</spirit:name>
          <spirit:value spirit:resolve="immediate" spirit:id="BUSIFPARAM_VALUE.INS.TUSER_WIDTH">1</spirit:value>
        </spirit:parameter>
        <spirit:parameter>
          <spirit:name>LAYERED_METADATA</spirit:name>
          <spirit:value spirit:resolve="generated" spirit:id="BUSIFPARAM_VALUE.INS.LAYERED_METADATA">xilinx.com:interface:datatypes:1.0 {TDATA {datatype {name {attribs {resolve_type immediate dependency {} format string minimum {} maximum {}} value {}} bitwidth {attribs {resolve_type immediate dependency {} format long minimum {} maximum {}} value 32} bitoffset {attribs {resolve_type immediate dependency {} format long minimum {} maximum {}} value 0} real {float {sigwidth {attribs {resolve_type immediate dependency {} format long minimum {} maximum {}} value 24}}}}} TUSER {datatype {name {attribs {resolve_type immediate dependency {} format string minimum {} maximum {}} value {}} bitwidth {attribs {resolve_type immediate dependency {} format long minimum {} maximum {}} value 1} bitoffset {attribs {resolve_type immediate dependency {} format long minimum {} maximum {}} value 0} integer {signed {attribs {resolve_type immediate dependency {} format bool minimum {} maximum {}} value false}}}}}</spirit:value>
        </spirit:parameter>
      </spirit:parameters>
    </spirit:busInterface>
    <spirit:busInterface>
      <spirit:name>outs</spirit:name>
      <spirit:busType spirit:vendor="xilinx.com" spirit:library="interface" spirit:name="axis" spirit:version="1.0"/>
      <spirit:abstractionType spirit:vendor="xilinx.com" spirit:library="interface" spirit:name="axis_rtl" spirit:version="1.0"/>
      <spirit:master/>
      <spirit:portMaps>
        <spirit:portMap>
          <spirit:logicalPort>
            <spirit:name>TVALID</spirit:name>
          </spirit:logicalPort>
          <spirit:physicalPort>
            <spirit:name>outs_TVALID</spirit:name>
          </spirit:physicalPort>
        </spirit:portMap>
        <spirit:portMap>
          <spirit:logicalPort>
            <spirit:name>TREADY</spirit:name>
          </spirit:logicalPort>
          <spirit:physicalPort>
            <spirit:name>outs_TREADY</spirit:name>
          </spirit:physicalPort>
        </spirit:portMap>
        <spirit:portMap>
          <spirit:logicalPort>
            <spirit:name>TDATA</spirit:name>
          </spirit:logicalPort>
          <spirit:physicalPort>
            <spirit:name>outs_TDATA</spirit:name>
          </spirit:physicalPort>
        </spirit:portMap>
        <spirit:portMap>
          <spirit:logicalPort>
            <spirit:name>TDEST</spirit:name>
          </spirit:logicalPort>
          <spirit:physicalPort>
            <spirit:name>outs_TDEST</spirit:name>
          </spirit:physicalPort>
        </spirit:portMap>
        <spirit:portMap>
          <spirit:logicalPort>
            <spirit:name>TKEEP</spirit:name>
          </spirit:logicalPort>
          <spirit:physicalPort>
            <spirit:name>outs_TKEEP</spirit:name>
          </spirit:physicalPort>
        </spirit:portMap>
        <spirit:portMap>
          <spirit:logicalPort>
            <spirit:name>TSTRB</spirit:name>
          </spirit:logicalPort>
          <spirit:physicalPort>
            <spirit:name>outs_TSTRB</spirit:name>
          </spirit:physicalPort>
        </spirit:portMap>
        <spirit:portMap>
          <spirit:logicalPort>
            <spirit:name>TUSER</spirit:name>
          </spirit:logicalPort>
          <spirit:physicalPort>
            <spirit:name>outs_TUSER</spirit:name>
          </spirit:physicalPort>
        </spirit:portMap>
        <spirit:portMap>
          <spirit:logicalPort>
            <spirit:name>TLAST</spirit:name>
          </spirit:logicalPort>
          <spirit:physicalPort>
            <spirit:name>outs_TLAST</spirit:name>
          </spirit:physicalPort>
        </spirit:portMap>
        <spirit:portMap>
          <spirit:logicalPort>
            <spirit:name>TID</spirit:name>
          </spirit:logicalPort>
          <spirit:physicalPort>
            <spirit:name>outs_TID</spirit:name>
          </spirit:physicalPort>
        </spirit:portMap>
      </spirit:portMaps>
      <spirit:endianness>little</spirit:endianness>
      <spirit:parameters>
        <spirit:parameter>
          <spirit:name>SIGNAL_SET</spirit:name>
          <spirit:value spirit:resolve="immediate" spirit:id="BUSIFPARAM_VALUE.OUTS.SIGNAL_SET">11111111</spirit:value>
        </spirit:parameter>
        <spirit:parameter>
          <spirit:name>TDATA_NUM_BYTES</spirit:name>
          <spirit:value spirit:resolve="immediate" spirit:id="BUSIFPARAM_VALUE.OUTS.TDATA_NUM_BYTES">4</spirit:value>
        </spirit:parameter>
        <spirit:parameter>
          <spirit:name>TDEST_WIDTH</spirit:name>
          <spirit:value spirit:resolve="immediate" spirit:id="BUSIFPARAM_VALUE.OUTS.TDEST_WIDTH">1</spirit:value>
        </spirit:parameter>
        <spirit:parameter>
          <spirit:name>TID_WIDTH</spirit:name>
          <spirit:value spirit:resolve="immediate" spirit:id="BUSIFPARAM_VALUE.OUTS.TID_WIDTH">1</spirit:value>
        </spirit:parameter>
        <spirit:parameter>
          <spirit:name>TUSER_WIDTH</spirit:name>
          <spirit:value spirit:resolve="immediate" spirit:id="BUSIFPARAM_VALUE.OUTS.TUSER_WIDTH">1</spirit:value>
        </spirit:parameter>
        <spirit:parameter>
          <spirit:name>LAYERED_METADATA</spirit:name>
          <spirit:value spirit:resolve="generated" spirit:id="BUSIFPARAM_VALUE.OUTS.LAYERED_METADATA">xilinx.com:interface:datatypes:1.0 {TDATA {datatype {name {attribs {resolve_type immediate dependency {} format string minimum {} maximum {}} value {}} bitwidth {attribs {resolve_type immediate dependency {} format long minimum {} maximum {}} value 32} bitoffset {attribs {resolve_type immediate dependency {} format long minimum {} maximum {}} value 0} real {float {sigwidth {attribs {resolve_type immediate dependency {} format long minimum {} maximum {}} value 24}}}}} TUSER {datatype {name {attribs {resolve_type immediate dependency {} format string minimum {} maximum {}} value {}} bitwidth {attribs {resolve_type immediate dependency {} format long minimum {} maximum {}} value 1} bitoffset {attribs {resolve_type immediate dependency {} format long minimum {} maximum {}} value 0} integer {signed {attribs {resolve_type immediate dependency {} format bool minimum {} maximum {}} value false}}}}}</spirit:value>
        </spirit:parameter>
      </spirit:parameters>
    </spirit:busInterface>
  </spirit:busInterfaces>
  <spirit:model>
    <spirit:views>
      <spirit:view>
        <spirit:name>xilinx_verilogsynthesis</spirit:name>
        <spirit:displayName>Verilog Synthesis</spirit:displayName>
        <spirit:envIdentifier>verilogSource:vivado.xilinx.com:synthesis</spirit:envIdentifier>
        <spirit:language>verilog</spirit:language>
        <spirit:modelName>tri_intersect</spirit:modelName>
        <spirit:fileSetRef>
          <spirit:localName>xilinx_verilogsynthesis_xilinx_com_ip_floating_point_7_0__ref_view_fileset</spirit:localName>
        </spirit:fileSetRef>
        <spirit:fileSetRef>
          <spirit:localName>xilinx_verilogsynthesis_view_fileset</spirit:localName>
        </spirit:fileSetRef>
      </spirit:view>
      <spirit:view>
        <spirit:name>xilinx_verilogbehavioralsimulation</spirit:name>
        <spirit:displayName>Verilog Simulation</spirit:displayName>
        <spirit:envIdentifier>verilogSource:vivado.xilinx.com:simulation</spirit:envIdentifier>
        <spirit:language>verilog</spirit:language>
        <spirit:modelName>tri_intersect</spirit:modelName>
        <spirit:fileSetRef>
          <spirit:localName>xilinx_verilogbehavioralsimulation_xilinx_com_ip_floating_point_7_0__ref_view_fileset</spirit:localName>
        </spirit:fileSetRef>
        <spirit:fileSetRef>
          <spirit:localName>xilinx_verilogbehavioralsimulation_view_fileset</spirit:localName>
        </spirit:fileSetRef>
      </spirit:view>
      <spirit:view>
        <spirit:name>xilinx_vhdlsynthesis</spirit:name>
        <spirit:displayName>VHDL Synthesis</spirit:displayName>
        <spirit:envIdentifier>vhdlSource:vivado.xilinx.com:synthesis</spirit:envIdentifier>
        <spirit:language>vhdl</spirit:language>
        <spirit:modelName>tri_intersect</spirit:modelName>
        <spirit:fileSetRef>
          <spirit:localName>xilinx_vhdlsynthesis_xilinx_com_ip_floating_point_7_0__ref_view_fileset</spirit:localName>
        </spirit:fileSetRef>
        <spirit:fileSetRef>
          <spirit:localName>xilinx_vhdlsynthesis_view_fileset</spirit:localName>
        </spirit:fileSetRef>
      </spirit:view>
      <spirit:view>
        <spirit:name>xilinx_vhdlbehavioralsimulation</spirit:name>
        <spirit:displayName>VHDL Simulation</spirit:displayName>
        <spirit:envIdentifier>vhdlSource:vivado.xilinx.com:simulation</spirit:envIdentifier>
        <spirit:language>vhdl</spirit:language>
        <spirit:modelName>tri_intersect</spirit:modelName>
        <spirit:fileSetRef>
          <spirit:localName>xilinx_vhdlbehavioralsimulation_xilinx_com_ip_floating_point_7_0__ref_view_fileset</spirit:localName>
        </spirit:fileSetRef>
        <spirit:fileSetRef>
          <spirit:localName>xilinx_vhdlbehavioralsimulation_view_fileset</spirit:localName>
        </spirit:fileSetRef>
      </spirit:view>
      <spirit:view>
        <spirit:name>xilinx_documentation</spirit:name>
        <spirit:displayName>Documentation</spirit:displayName>
        <spirit:envIdentifier>:vivado.xilinx.com:docs.all</spirit:envIdentifier>
        <spirit:fileSetRef>
          <spirit:localName>xilinx_documentation_view_fileset</spirit:localName>
        </spirit:fileSetRef>
      </spirit:view>
      <spirit:view>
        <spirit:name>xilinx_miscfiles</spirit:name>
        <spirit:displayName>Miscellaneous</spirit:displayName>
        <spirit:envIdentifier>:vivado.xilinx.com:misc.files</spirit:envIdentifier>
        <spirit:fileSetRef>
          <spirit:localName>xilinx_miscfiles_view_fileset</spirit:localName>
        </spirit:fileSetRef>
      </spirit:view>
      <spirit:view>
        <spirit:name>xilinx_block_diagram</spirit:name>
        <spirit:displayName>Block Diagram</spirit:displayName>
        <spirit:envIdentifier>:vivado.xilinx.com:block.diagram</spirit:envIdentifier>
        <spirit:fileSetRef>
          <spirit:localName>xilinx_block_diagram_view_fileset</spirit:localName>
        </spirit:fileSetRef>
      </spirit:view>
      <spirit:view>
        <spirit:name>xilinx_xpgui</spirit:name>
        <spirit:displayName>UI Layout</spirit:displayName>
        <spirit:envIdentifier>:vivado.xilinx.com:xgui.ui</spirit:envIdentifier>
        <spirit:fileSetRef>
          <spirit:localName>xilinx_xpgui_view_fileset</spirit:localName>
        </spirit:fileSetRef>
      </spirit:view>
      <spirit:view>
        <spirit:name>xilinx_utilityxitfiles</spirit:name>
        <spirit:displayName>Utility XIT/TTCL</spirit:displayName>
        <spirit:envIdentifier>:vivado.xilinx.com:xit.util</spirit:envIdentifier>
        <spirit:fileSetRef>
          <spirit:localName>xilinx_utilityxitfiles_view_fileset</spirit:localName>
        </spirit:fileSetRef>
      </spirit:view>
    </spirit:views>
    <spirit:ports>
      <spirit:port>
        <spirit:name>ap_clk</spirit:name>
        <spirit:wire>
          <spirit:direction>in</spirit:direction>
          <spirit:wireTypeDefs>
            <spirit:wireTypeDef>
              <spirit:typeName>std_logic</spirit:typeName>
              <spirit:viewNameRef>xilinx_verilogsynthesis</spirit:viewNameRef>
              <spirit:viewNameRef>xilinx_verilogbehavioralsimulation</spirit:viewNameRef>
            </spirit:wireTypeDef>
          </spirit:wireTypeDefs>
        </spirit:wire>
      </spirit:port>
      <spirit:port>
        <spirit:name>ap_rst_n</spirit:name>
        <spirit:wire>
          <spirit:direction>in</spirit:direction>
          <spirit:wireTypeDefs>
            <spirit:wireTypeDef>
              <spirit:typeName>std_logic</spirit:typeName>
              <spirit:viewNameRef>xilinx_verilogsynthesis</spirit:viewNameRef>
              <spirit:viewNameRef>xilinx_verilogbehavioralsimulation</spirit:viewNameRef>
            </spirit:wireTypeDef>
          </spirit:wireTypeDefs>
        </spirit:wire>
      </spirit:port>
      <spirit:port>
        <spirit:name>ins_TVALID</spirit:name>
        <spirit:wire>
          <spirit:direction>in</spirit:direction>
          <spirit:wireTypeDefs>
            <spirit:wireTypeDef>
              <spirit:typeName>std_logic</spirit:typeName>
              <spirit:viewNameRef>xilinx_verilogsynthesis</spirit:viewNameRef>
              <spirit:viewNameRef>xilinx_verilogbehavioralsimulation</spirit:viewNameRef>
            </spirit:wireTypeDef>
          </spirit:wireTypeDefs>
        </spirit:wire>
      </spirit:port>
      <spirit:port>
        <spirit:name>ins_TREADY</spirit:name>
        <spirit:wire>
          <spirit:direction>out</spirit:direction>
          <spirit:wireTypeDefs>
            <spirit:wireTypeDef>
              <spirit:typeName>std_logic</spirit:typeName>
              <spirit:viewNameRef>xilinx_verilogsynthesis</spirit:viewNameRef>
              <spirit:viewNameRef>xilinx_verilogbehavioralsimulation</spirit:viewNameRef>
            </spirit:wireTypeDef>
          </spirit:wireTypeDefs>
        </spirit:wire>
      </spirit:port>
      <spirit:port>
        <spirit:name>ins_TDATA</spirit:name>
        <spirit:wire>
          <spirit:direction>in</spirit:direction>
          <spirit:vector>
            <spirit:left>31</spirit:left>
            <spirit:right>0</spirit:right>
          </spirit:vector>
          <spirit:wireTypeDefs>
            <spirit:wireTypeDef>
              <spirit:typeName>std_logic_vector</spirit:typeName>
              <spirit:viewNameRef>xilinx_verilogsynthesis</spirit:viewNameRef>
              <spirit:viewNameRef>xilinx_verilogbehavioralsimulation</spirit:viewNameRef>
            </spirit:wireTypeDef>
          </spirit:wireTypeDefs>
        </spirit:wire>
        <spirit:vendorExtensions>
          <xilinx:portInfo>
            <xilinx:endianness>little</xilinx:endianness>
          </xilinx:portInfo>
        </spirit:vendorExtensions>
      </spirit:port>
      <spirit:port>
        <spirit:name>ins_TDEST</spirit:name>
        <spirit:wire>
          <spirit:direction>in</spirit:direction>
          <spirit:vector>
            <spirit:left>0</spirit:left>
            <spirit:right>0</spirit:right>
          </spirit:vector>
          <spirit:wireTypeDefs>
            <spirit:wireTypeDef>
              <spirit:typeName>std_logic_vector</spirit:typeName>
              <spirit:viewNameRef>xilinx_verilogsynthesis</spirit:viewNameRef>
              <spirit:viewNameRef>xilinx_verilogbehavioralsimulation</spirit:viewNameRef>
            </spirit:wireTypeDef>
          </spirit:wireTypeDefs>
          <spirit:driver>
            <spirit:defaultValue>0</spirit:defaultValue>
          </spirit:driver>
        </spirit:wire>
        <spirit:vendorExtensions>
          <xilinx:portInfo>
            <xilinx:endianness>little</xilinx:endianness>
          </xilinx:portInfo>
        </spirit:vendorExtensions>
      </spirit:port>
      <spirit:port>
        <spirit:name>ins_TKEEP</spirit:name>
        <spirit:wire>
          <spirit:direction>in</spirit:direction>
          <spirit:vector>
            <spirit:left>3</spirit:left>
            <spirit:right>0</spirit:right>
          </spirit:vector>
          <spirit:wireTypeDefs>
            <spirit:wireTypeDef>
              <spirit:typeName>std_logic_vector</spirit:typeName>
              <spirit:viewNameRef>xilinx_verilogsynthesis</spirit:viewNameRef>
              <spirit:viewNameRef>xilinx_verilogbehavioralsimulation</spirit:viewNameRef>
            </spirit:wireTypeDef>
          </spirit:wireTypeDefs>
          <spirit:driver>
            <spirit:defaultValue>15</spirit:defaultValue>
          </spirit:driver>
        </spirit:wire>
        <spirit:vendorExtensions>
          <xilinx:portInfo>
            <xilinx:endianness>little</xilinx:endianness>
          </xilinx:portInfo>
        </spirit:vendorExtensions>
      </spirit:port>
      <spirit:port>
        <spirit:name>ins_TSTRB</spirit:name>
        <spirit:wire>
          <spirit:direction>in</spirit:direction>
          <spirit:vector>
            <spirit:left>3</spirit:left>
            <spirit:right>0</spirit:right>
          </spirit:vector>
          <spirit:wireTypeDefs>
            <spirit:wireTypeDef>
              <spirit:typeName>std_logic_vector</spirit:typeName>
              <spirit:viewNameRef>xilinx_verilogsynthesis</spirit:viewNameRef>
              <spirit:viewNameRef>xilinx_verilogbehavioralsimulation</spirit:viewNameRef>
            </spirit:wireTypeDef>
          </spirit:wireTypeDefs>
          <spirit:driver>
            <spirit:defaultValue>15</spirit:defaultValue>
          </spirit:driver>
        </spirit:wire>
        <spirit:vendorExtensions>
          <xilinx:portInfo>
            <xilinx:endianness>little</xilinx:endianness>
          </xilinx:portInfo>
        </spirit:vendorExtensions>
      </spirit:port>
      <spirit:port>
        <spirit:name>ins_TUSER</spirit:name>
        <spirit:wire>
          <spirit:direction>in</spirit:direction>
          <spirit:vector>
            <spirit:left>0</spirit:left>
            <spirit:right>0</spirit:right>
          </spirit:vector>
          <spirit:wireTypeDefs>
            <spirit:wireTypeDef>
              <spirit:typeName>std_logic_vector</spirit:typeName>
              <spirit:viewNameRef>xilinx_verilogsynthesis</spirit:viewNameRef>
              <spirit:viewNameRef>xilinx_verilogbehavioralsimulation</spirit:viewNameRef>
            </spirit:wireTypeDef>
          </spirit:wireTypeDefs>
          <spirit:driver>
            <spirit:defaultValue>0</spirit:defaultValue>
          </spirit:driver>
        </spirit:wire>
        <spirit:vendorExtensions>
          <xilinx:portInfo>
            <xilinx:endianness>little</xilinx:endianness>
          </xilinx:portInfo>
        </spirit:vendorExtensions>
      </spirit:port>
      <spirit:port>
        <spirit:name>ins_TLAST</spirit:name>
        <spirit:wire>
          <spirit:direction>in</spirit:direction>
          <spirit:vector>
            <spirit:left>0</spirit:left>
            <spirit:right>0</spirit:right>
          </spirit:vector>
          <spirit:wireTypeDefs>
            <spirit:wireTypeDef>
              <spirit:typeName>std_logic_vector</spirit:typeName>
              <spirit:viewNameRef>xilinx_verilogsynthesis</spirit:viewNameRef>
              <spirit:viewNameRef>xilinx_verilogbehavioralsimulation</spirit:viewNameRef>
            </spirit:wireTypeDef>
          </spirit:wireTypeDefs>
          <spirit:driver>
            <spirit:defaultValue>0</spirit:defaultValue>
          </spirit:driver>
        </spirit:wire>
        <spirit:vendorExtensions>
          <xilinx:portInfo>
            <xilinx:endianness>little</xilinx:endianness>
          </xilinx:portInfo>
        </spirit:vendorExtensions>
      </spirit:port>
      <spirit:port>
        <spirit:name>ins_TID</spirit:name>
        <spirit:wire>
          <spirit:direction>in</spirit:direction>
          <spirit:vector>
            <spirit:left>0</spirit:left>
            <spirit:right>0</spirit:right>
          </spirit:vector>
          <spirit:wireTypeDefs>
            <spirit:wireTypeDef>
              <spirit:typeName>std_logic_vector</spirit:typeName>
              <spirit:viewNameRef>xilinx_verilogsynthesis</spirit:viewNameRef>
              <spirit:viewNameRef>xilinx_verilogbehavioralsimulation</spirit:viewNameRef>
            </spirit:wireTypeDef>
          </spirit:wireTypeDefs>
          <spirit:driver>
            <spirit:defaultValue>0</spirit:defaultValue>
          </spirit:driver>
        </spirit:wire>
        <spirit:vendorExtensions>
          <xilinx:portInfo>
            <xilinx:endianness>little</xilinx:endianness>
          </xilinx:portInfo>
        </spirit:vendorExtensions>
      </spirit:port>
      <spirit:port>
        <spirit:name>outs_TVALID</spirit:name>
        <spirit:wire>
          <spirit:direction>out</spirit:direction>
          <spirit:wireTypeDefs>
            <spirit:wireTypeDef>
              <spirit:typeName>std_logic</spirit:typeName>
              <spirit:viewNameRef>xilinx_verilogsynthesis</spirit:viewNameRef>
              <spirit:viewNameRef>xilinx_verilogbehavioralsimulation</spirit:viewNameRef>
            </spirit:wireTypeDef>
          </spirit:wireTypeDefs>
        </spirit:wire>
      </spirit:port>
      <spirit:port>
        <spirit:name>outs_TREADY</spirit:name>
        <spirit:wire>
          <spirit:direction>in</spirit:direction>
          <spirit:wireTypeDefs>
            <spirit:wireTypeDef>
              <spirit:typeName>std_logic</spirit:typeName>
              <spirit:viewNameRef>xilinx_verilogsynthesis</spirit:viewNameRef>
              <spirit:viewNameRef>xilinx_verilogbehavioralsimulation</spirit:viewNameRef>
            </spirit:wireTypeDef>
          </spirit:wireTypeDefs>
        </spirit:wire>
      </spirit:port>
      <spirit:port>
        <spirit:name>outs_TDATA</spirit:name>
        <spirit:wire>
          <spirit:direction>out</spirit:direction>
          <spirit:vector>
            <spirit:left>31</spirit:left>
            <spirit:right>0</spirit:right>
          </spirit:vector>
          <spirit:wireTypeDefs>
            <spirit:wireTypeDef>
              <spirit:typeName>std_logic_vector</spirit:typeName>
              <spirit:viewNameRef>xilinx_verilogsynthesis</spirit:viewNameRef>
              <spirit:viewNameRef>xilinx_verilogbehavioralsimulation</spirit:viewNameRef>
            </spirit:wireTypeDef>
          </spirit:wireTypeDefs>
        </spirit:wire>
        <spirit:vendorExtensions>
          <xilinx:portInfo>
            <xilinx:endianness>little</xilinx:endianness>
          </xilinx:portInfo>
        </spirit:vendorExtensions>
      </spirit:port>
      <spirit:port>
        <spirit:name>outs_TDEST</spirit:name>
        <spirit:wire>
          <spirit:direction>out</spirit:direction>
          <spirit:vector>
            <spirit:left>0</spirit:left>
            <spirit:right>0</spirit:right>
          </spirit:vector>
          <spirit:wireTypeDefs>
            <spirit:wireTypeDef>
              <spirit:typeName>std_logic_vector</spirit:typeName>
              <spirit:viewNameRef>xilinx_verilogsynthesis</spirit:viewNameRef>
              <spirit:viewNameRef>xilinx_verilogbehavioralsimulation</spirit:viewNameRef>
            </spirit:wireTypeDef>
          </spirit:wireTypeDefs>
        </spirit:wire>
        <spirit:vendorExtensions>
          <xilinx:portInfo>
            <xilinx:endianness>little</xilinx:endianness>
          </xilinx:portInfo>
        </spirit:vendorExtensions>
      </spirit:port>
      <spirit:port>
        <spirit:name>outs_TKEEP</spirit:name>
        <spirit:wire>
          <spirit:direction>out</spirit:direction>
          <spirit:vector>
            <spirit:left>3</spirit:left>
            <spirit:right>0</spirit:right>
          </spirit:vector>
          <spirit:wireTypeDefs>
            <spirit:wireTypeDef>
              <spirit:typeName>std_logic_vector</spirit:typeName>
              <spirit:viewNameRef>xilinx_verilogsynthesis</spirit:viewNameRef>
              <spirit:viewNameRef>xilinx_verilogbehavioralsimulation</spirit:viewNameRef>
            </spirit:wireTypeDef>
          </spirit:wireTypeDefs>
        </spirit:wire>
        <spirit:vendorExtensions>
          <xilinx:portInfo>
            <xilinx:endianness>little</xilinx:endianness>
          </xilinx:portInfo>
        </spirit:vendorExtensions>
      </spirit:port>
      <spirit:port>
        <spirit:name>outs_TSTRB</spirit:name>
        <spirit:wire>
          <spirit:direction>out</spirit:direction>
          <spirit:vector>
            <spirit:left>3</spirit:left>
            <spirit:right>0</spirit:right>
          </spirit:vector>
          <spirit:wireTypeDefs>
            <spirit:wireTypeDef>
              <spirit:typeName>std_logic_vector</spirit:typeName>
              <spirit:viewNameRef>xilinx_verilogsynthesis</spirit:viewNameRef>
              <spirit:viewNameRef>xilinx_verilogbehavioralsimulation</spirit:viewNameRef>
            </spirit:wireTypeDef>
          </spirit:wireTypeDefs>
        </spirit:wire>
        <spirit:vendorExtensions>
          <xilinx:portInfo>
            <xilinx:endianness>little</xilinx:endianness>
          </xilinx:portInfo>
        </spirit:vendorExtensions>
      </spirit:port>
      <spirit:port>
        <spirit:name>outs_TUSER</spirit:name>
        <spirit:wire>
          <spirit:direction>out</spirit:direction>
          <spirit:vector>
            <spirit:left>0</spirit:left>
            <spirit:right>0</spirit:right>
          </spirit:vector>
          <spirit:wireTypeDefs>
            <spirit:wireTypeDef>
              <spirit:typeName>std_logic_vector</spirit:typeName>
              <spirit:viewNameRef>xilinx_verilogsynthesis</spirit:viewNameRef>
              <spirit:viewNameRef>xilinx_verilogbehavioralsimulation</spirit:viewNameRef>
            </spirit:wireTypeDef>
          </spirit:wireTypeDefs>
        </spirit:wire>
        <spirit:vendorExtensions>
          <xilinx:portInfo>
            <xilinx:endianness>little</xilinx:endianness>
          </xilinx:portInfo>
        </spirit:vendorExtensions>
      </spirit:port>
      <spirit:port>
        <spirit:name>outs_TLAST</spirit:name>
        <spirit:wire>
          <spirit:direction>out</spirit:direction>
          <spirit:vector>
            <spirit:left>0</spirit:left>
            <spirit:right>0</spirit:right>
          </spirit:vector>
          <spirit:wireTypeDefs>
            <spirit:wireTypeDef>
              <spirit:typeName>std_logic_vector</spirit:typeName>
              <spirit:viewNameRef>xilinx_verilogsynthesis</spirit:viewNameRef>
              <spirit:viewNameRef>xilinx_verilogbehavioralsimulation</spirit:viewNameRef>
            </spirit:wireTypeDef>
          </spirit:wireTypeDefs>
        </spirit:wire>
        <spirit:vendorExtensions>
          <xilinx:portInfo>
            <xilinx:endianness>little</xilinx:endianness>
          </xilinx:portInfo>
        </spirit:vendorExtensions>
      </spirit:port>
      <spirit:port>
        <spirit:name>outs_TID</spirit:name>
        <spirit:wire>
          <spirit:direction>out</spirit:direction>
          <spirit:vector>
            <spirit:left>0</spirit:left>
            <spirit:right>0</spirit:right>
          </spirit:vector>
          <spirit:wireTypeDefs>
            <spirit:wireTypeDef>
              <spirit:typeName>std_logic_vector</spirit:typeName>
              <spirit:viewNameRef>xilinx_verilogsynthesis</spirit:viewNameRef>
              <spirit:viewNameRef>xilinx_verilogbehavioralsimulation</spirit:viewNameRef>
            </spirit:wireTypeDef>
          </spirit:wireTypeDefs>
        </spirit:wire>
        <spirit:vendorExtensions>
          <xilinx:portInfo>
            <xilinx:endianness>little</xilinx:endianness>
          </xilinx:portInfo>
        </spirit:vendorExtensions>
      </spirit:port>
    </spirit:ports>
  </spirit:model>
  <spirit:fileSets>
    <spirit:fileSet>
      <spirit:name>xilinx_verilogsynthesis_view_fileset</spirit:name>
      <spirit:file>
        <spirit:name>hdl/ip/tri_intersect_ap_fadd_7_full_dsp_32.vhd</spirit:name>
        <spirit:fileType>vhdlSource</spirit:fileType>
      </spirit:file>
      <spirit:file>
        <spirit:name>hdl/ip/tri_intersect_ap_fdiv_28_no_dsp_32.vhd</spirit:name>
        <spirit:fileType>vhdlSource</spirit:fileType>
      </spirit:file>
      <spirit:file>
        <spirit:name>hdl/ip/tri_intersect_ap_fmul_3_max_dsp_32.vhd</spirit:name>
        <spirit:fileType>vhdlSource</spirit:fileType>
      </spirit:file>
      <spirit:file>
        <spirit:name>hdl/ip/tri_intersect_ap_fsub_7_full_dsp_32.vhd</spirit:name>
        <spirit:fileType>vhdlSource</spirit:fileType>
      </spirit:file>
      <spirit:file>
        <spirit:name>constraints/tri_intersect_ooc.xdc</spirit:name>
        <spirit:userFileType>xdc</spirit:userFileType>
        <spirit:userFileType>USED_IN_out_of_context</spirit:userFileType>
        <spirit:userFileType>USED_IN_synthesis</spirit:userFileType>
        <spirit:userFileType>USED_IN_implementation</spirit:userFileType>
      </spirit:file>
      <spirit:file>
        <spirit:name>hdl/verilog/tri_intersect.v</spirit:name>
        <spirit:fileType>verilogSource</spirit:fileType>
      </spirit:file>
      <spirit:file>
        <spirit:name>hdl/verilog/tri_intersect_data_array.v</spirit:name>
        <spirit:fileType>verilogSource</spirit:fileType>
      </spirit:file>
      <spirit:file>
        <spirit:name>hdl/verilog/tri_intersect_fadd_32ns_32ns_32_9_full_dsp.v</spirit:name>
        <spirit:fileType>verilogSource</spirit:fileType>
      </spirit:file>
      <spirit:file>
        <spirit:name>hdl/verilog/tri_intersect_fdiv_32ns_32ns_32_30.v</spirit:name>
        <spirit:fileType>verilogSource</spirit:fileType>
      </spirit:file>
      <spirit:file>
        <spirit:name>hdl/verilog/tri_intersect_fmul_32ns_32ns_32_5_max_dsp.v</spirit:name>
        <spirit:fileType>verilogSource</spirit:fileType>
      </spirit:file>
      <spirit:file>
        <spirit:name>hdl/verilog/tri_intersect_fsub_32ns_32ns_32_9_full_dsp.v</spirit:name>
        <spirit:fileType>verilogSource</spirit:fileType>
      </spirit:file>
    </spirit:fileSet>
    <spirit:fileSet>
      <spirit:name>xilinx_verilogsynthesis_xilinx_com_ip_floating_point_7_0__ref_view_fileset</spirit:name>
      <spirit:vendorExtensions>
        <xilinx:subCoreRef>
          <xilinx:componentRef xsi:type="xilinx:componentRefType" xilinx:vendor="xilinx.com" xilinx:library="ip" xilinx:name="floating_point" xilinx:version="7.0">
            <xilinx:mode xilinx:name="copy_mode"/>
          </xilinx:componentRef>
        </xilinx:subCoreRef>
      </spirit:vendorExtensions>
    </spirit:fileSet>
    <spirit:fileSet>
      <spirit:name>xilinx_verilogbehavioralsimulation_view_fileset</spirit:name>
      <spirit:file>
        <spirit:name>hdl/verilog/tri_intersect.v</spirit:name>
        <spirit:fileType>verilogSource</spirit:fileType>
      </spirit:file>
      <spirit:file>
        <spirit:name>hdl/verilog/tri_intersect_data_array.v</spirit:name>
        <spirit:fileType>verilogSource</spirit:fileType>
      </spirit:file>
      <spirit:file>
        <spirit:name>hdl/verilog/tri_intersect_fadd_32ns_32ns_32_9_full_dsp.v</spirit:name>
        <spirit:fileType>verilogSource</spirit:fileType>
      </spirit:file>
      <spirit:file>
        <spirit:name>hdl/verilog/tri_intersect_fdiv_32ns_32ns_32_30.v</spirit:name>
        <spirit:fileType>verilogSource</spirit:fileType>
      </spirit:file>
      <spirit:file>
        <spirit:name>hdl/verilog/tri_intersect_fmul_32ns_32ns_32_5_max_dsp.v</spirit:name>
        <spirit:fileType>verilogSource</spirit:fileType>
      </spirit:file>
      <spirit:file>
        <spirit:name>hdl/verilog/tri_intersect_fsub_32ns_32ns_32_9_full_dsp.v</spirit:name>
        <spirit:fileType>verilogSource</spirit:fileType>
      </spirit:file>
      <spirit:file>
        <spirit:name>hdl/ip/tri_intersect_ap_fadd_7_full_dsp_32.vhd</spirit:name>
        <spirit:fileType>vhdlSource</spirit:fileType>
      </spirit:file>
      <spirit:file>
        <spirit:name>hdl/ip/tri_intersect_ap_fdiv_28_no_dsp_32.vhd</spirit:name>
        <spirit:fileType>vhdlSource</spirit:fileType>
      </spirit:file>
      <spirit:file>
        <spirit:name>hdl/ip/tri_intersect_ap_fmul_3_max_dsp_32.vhd</spirit:name>
        <spirit:fileType>vhdlSource</spirit:fileType>
      </spirit:file>
      <spirit:file>
        <spirit:name>hdl/ip/tri_intersect_ap_fsub_7_full_dsp_32.vhd</spirit:name>
        <spirit:fileType>vhdlSource</spirit:fileType>
      </spirit:file>
    </spirit:fileSet>
    <spirit:fileSet>
      <spirit:name>xilinx_verilogbehavioralsimulation_xilinx_com_ip_floating_point_7_0__ref_view_fileset</spirit:name>
      <spirit:vendorExtensions>
        <xilinx:subCoreRef>
          <xilinx:componentRef xilinx:vendor="xilinx.com" xilinx:library="ip" xilinx:name="floating_point" xilinx:version="7.0">
            <xilinx:mode xilinx:name="copy_mode"/>
          </xilinx:componentRef>
        </xilinx:subCoreRef>
      </spirit:vendorExtensions>
    </spirit:fileSet>
    <spirit:fileSet>
      <spirit:name>xilinx_vhdlsynthesis_view_fileset</spirit:name>
      <spirit:file>
        <spirit:name>hdl/ip/tri_intersect_ap_fadd_7_full_dsp_32.vhd</spirit:name>
        <spirit:fileType>vhdlSource</spirit:fileType>
      </spirit:file>
      <spirit:file>
        <spirit:name>hdl/ip/tri_intersect_ap_fdiv_28_no_dsp_32.vhd</spirit:name>
        <spirit:fileType>vhdlSource</spirit:fileType>
      </spirit:file>
      <spirit:file>
        <spirit:name>hdl/ip/tri_intersect_ap_fmul_3_max_dsp_32.vhd</spirit:name>
        <spirit:fileType>vhdlSource</spirit:fileType>
      </spirit:file>
      <spirit:file>
        <spirit:name>hdl/ip/tri_intersect_ap_fsub_7_full_dsp_32.vhd</spirit:name>
        <spirit:fileType>vhdlSource</spirit:fileType>
      </spirit:file>
      <spirit:file>
        <spirit:name>constraints/tri_intersect_ooc.xdc</spirit:name>
        <spirit:userFileType>xdc</spirit:userFileType>
        <spirit:userFileType>USED_IN_out_of_context</spirit:userFileType>
        <spirit:userFileType>USED_IN_synthesis</spirit:userFileType>
        <spirit:userFileType>USED_IN_implementation</spirit:userFileType>
      </spirit:file>
      <spirit:file>
        <spirit:name>hdl/vhdl/tri_intersect.vhd</spirit:name>
        <spirit:fileType>vhdlSource</spirit:fileType>
      </spirit:file>
      <spirit:file>
        <spirit:name>hdl/vhdl/tri_intersect_data_array.vhd</spirit:name>
        <spirit:fileType>vhdlSource</spirit:fileType>
      </spirit:file>
      <spirit:file>
        <spirit:name>hdl/vhdl/tri_intersect_fadd_32ns_32ns_32_9_full_dsp.vhd</spirit:name>
        <spirit:fileType>vhdlSource</spirit:fileType>
      </spirit:file>
      <spirit:file>
        <spirit:name>hdl/vhdl/tri_intersect_fdiv_32ns_32ns_32_30.vhd</spirit:name>
        <spirit:fileType>vhdlSource</spirit:fileType>
      </spirit:file>
      <spirit:file>
        <spirit:name>hdl/vhdl/tri_intersect_fmul_32ns_32ns_32_5_max_dsp.vhd</spirit:name>
        <spirit:fileType>vhdlSource</spirit:fileType>
      </spirit:file>
      <spirit:file>
        <spirit:name>hdl/vhdl/tri_intersect_fsub_32ns_32ns_32_9_full_dsp.vhd</spirit:name>
        <spirit:fileType>vhdlSource</spirit:fileType>
        <spirit:userFileType>CHECKSUM_72d47d36</spirit:userFileType>
      </spirit:file>
    </spirit:fileSet>
    <spirit:fileSet>
      <spirit:name>xilinx_vhdlsynthesis_xilinx_com_ip_floating_point_7_0__ref_view_fileset</spirit:name>
      <spirit:vendorExtensions>
        <xilinx:subCoreRef>
          <xilinx:componentRef xilinx:vendor="xilinx.com" xilinx:library="ip" xilinx:name="floating_point" xilinx:version="7.0">
            <xilinx:mode xilinx:name="copy_mode"/>
          </xilinx:componentRef>
        </xilinx:subCoreRef>
      </spirit:vendorExtensions>
    </spirit:fileSet>
    <spirit:fileSet>
      <spirit:name>xilinx_vhdlbehavioralsimulation_view_fileset</spirit:name>
      <spirit:file>
        <spirit:name>hdl/vhdl/tri_intersect.vhd</spirit:name>
        <spirit:fileType>vhdlSource</spirit:fileType>
      </spirit:file>
      <spirit:file>
        <spirit:name>hdl/vhdl/tri_intersect_data_array.vhd</spirit:name>
        <spirit:fileType>vhdlSource</spirit:fileType>
      </spirit:file>
      <spirit:file>
        <spirit:name>hdl/vhdl/tri_intersect_fadd_32ns_32ns_32_9_full_dsp.vhd</spirit:name>
        <spirit:fileType>vhdlSource</spirit:fileType>
      </spirit:file>
      <spirit:file>
        <spirit:name>hdl/vhdl/tri_intersect_fdiv_32ns_32ns_32_30.vhd</spirit:name>
        <spirit:fileType>vhdlSource</spirit:fileType>
      </spirit:file>
      <spirit:file>
        <spirit:name>hdl/vhdl/tri_intersect_fmul_32ns_32ns_32_5_max_dsp.vhd</spirit:name>
        <spirit:fileType>vhdlSource</spirit:fileType>
      </spirit:file>
      <spirit:file>
        <spirit:name>hdl/vhdl/tri_intersect_fsub_32ns_32ns_32_9_full_dsp.vhd</spirit:name>
        <spirit:fileType>vhdlSource</spirit:fileType>
      </spirit:file>
      <spirit:file>
        <spirit:name>hdl/ip/tri_intersect_ap_fadd_7_full_dsp_32.vhd</spirit:name>
        <spirit:fileType>vhdlSource</spirit:fileType>
      </spirit:file>
      <spirit:file>
        <spirit:name>hdl/ip/tri_intersect_ap_fdiv_28_no_dsp_32.vhd</spirit:name>
        <spirit:fileType>vhdlSource</spirit:fileType>
      </spirit:file>
      <spirit:file>
        <spirit:name>hdl/ip/tri_intersect_ap_fmul_3_max_dsp_32.vhd</spirit:name>
        <spirit:fileType>vhdlSource</spirit:fileType>
      </spirit:file>
      <spirit:file>
        <spirit:name>hdl/ip/tri_intersect_ap_fsub_7_full_dsp_32.vhd</spirit:name>
        <spirit:fileType>vhdlSource</spirit:fileType>
      </spirit:file>
    </spirit:fileSet>
    <spirit:fileSet>
      <spirit:name>xilinx_vhdlbehavioralsimulation_xilinx_com_ip_floating_point_7_0__ref_view_fileset</spirit:name>
      <spirit:vendorExtensions>
        <xilinx:subCoreRef>
          <xilinx:componentRef xilinx:vendor="xilinx.com" xilinx:library="ip" xilinx:name="floating_point" xilinx:version="7.0">
            <xilinx:mode xilinx:name="copy_mode"/>
          </xilinx:componentRef>
        </xilinx:subCoreRef>
      </spirit:vendorExtensions>
    </spirit:fileSet>
    <spirit:fileSet>
      <spirit:name>xilinx_documentation_view_fileset</spirit:name>
      <spirit:file>
        <spirit:name>doc/ReleaseNotes.txt</spirit:name>
        <spirit:userFileType>text</spirit:userFileType>
      </spirit:file>
    </spirit:fileSet>
    <spirit:fileSet>
      <spirit:name>xilinx_miscfiles_view_fileset</spirit:name>
      <spirit:file>
        <spirit:name>misc/logo.png</spirit:name>
        <spirit:userFileType>image</spirit:userFileType>
      </spirit:file>
    </spirit:fileSet>
    <spirit:fileSet>
      <spirit:name>xilinx_block_diagram_view_fileset</spirit:name>
      <spirit:file>
        <spirit:name>bd/bd.tcl</spirit:name>
        <spirit:fileType>tclSource</spirit:fileType>
      </spirit:file>
    </spirit:fileSet>
    <spirit:fileSet>
      <spirit:name>xilinx_xpgui_view_fileset</spirit:name>
      <spirit:file>
        <spirit:name>xgui/tri_intersect_v1_0.tcl</spirit:name>
        <spirit:fileType>tclSource</spirit:fileType>
        <spirit:userFileType>XGUI_VERSION_2</spirit:userFileType>
        <spirit:userFileType>CHECKSUM_bdef2832</spirit:userFileType>
      </spirit:file>
    </spirit:fileSet>
    <spirit:fileSet>
      <spirit:name>xilinx_utilityxitfiles_view_fileset</spirit:name>
      <spirit:file>
        <spirit:name>misc/logo.png</spirit:name>
        <spirit:userFileType>image</spirit:userFileType>
        <spirit:userFileType>LOGO</spirit:userFileType>
      </spirit:file>
    </spirit:fileSet>
  </spirit:fileSets>
  <spirit:description>An IP generated by Vivado HLS</spirit:description>
  <spirit:parameters>
    <spirit:parameter>
      <spirit:name>Component_Name</spirit:name>
      <spirit:value spirit:resolve="user" spirit:id="PARAM_VALUE.Component_Name" spirit:order="1">tri_intersect_v1_0</spirit:value>
    </spirit:parameter>
    <spirit:parameter>
      <spirit:name>clk_period</spirit:name>
      <spirit:value spirit:resolve="immediate" spirit:id="PARAM_VALUE.clk_period" spirit:order="2">5.000000</spirit:value>
    </spirit:parameter>
    <spirit:parameter>
      <spirit:name>machine</spirit:name>
      <spirit:value spirit:resolve="immediate" spirit:id="PARAM_VALUE.machine" spirit:order="3">64</spirit:value>
    </spirit:parameter>
    <spirit:parameter>
      <spirit:name>combinational</spirit:name>
      <spirit:value spirit:resolve="immediate" spirit:id="PARAM_VALUE.combinational" spirit:order="4">0</spirit:value>
    </spirit:parameter>
    <spirit:parameter>
      <spirit:name>latency</spirit:name>
      <spirit:value spirit:resolve="immediate" spirit:id="PARAM_VALUE.latency" spirit:order="5">463</spirit:value>
    </spirit:parameter>
    <spirit:parameter>
      <spirit:name>II</spirit:name>
      <spirit:value spirit:resolve="immediate" spirit:id="PARAM_VALUE.II" spirit:order="6">x</spirit:value>
    </spirit:parameter>
  </spirit:parameters>
  <spirit:vendorExtensions>
    <xilinx:coreExtensions>
      <xilinx:supportedFamilies>
        <xilinx:family xilinx:lifeCycle="Pre-Production">zynq</xilinx:family>
      </xilinx:supportedFamilies>
      <xilinx:taxonomies>
        <xilinx:taxonomy>/VIVADO_HLS_IP</xilinx:taxonomy>
      </xilinx:taxonomies>
      <xilinx:displayName>Tri_intersect</xilinx:displayName>
      <xilinx:coreRevision>1605081815</xilinx:coreRevision>
      <xilinx:coreCreationDateTime>2016-05-08T22:15:27Z</xilinx:coreCreationDateTime>
    </xilinx:coreExtensions>
    <xilinx:packagingInfo>
      <xilinx:xilinxVersion>2015.1</xilinx:xilinxVersion>
    </xilinx:packagingInfo>
  </spirit:vendorExtensions>
</spirit:component>
